"Champion","Pos","GP","P%","B%","P+B%","W%","CTR%","K","D","A","KDA","KP","DTH%","FB%","GD10","XPD10","CSD10","CSPM","CS%P15","DPM","DMG%","GOLD%","WPM","WCPM"
"Kalista","Support",1,"0.1%","0.7%","1.5%","0%","100%",2,4,12,3.5,"93.3%","30.8%","100%",1036,420,6,1.5,"4.6%",272,"13.0%","13.6%",2.76,1.03
"Seraphine","Support",1,"0.1%","0.2%","0.4%","100%","100%",2,1,12,14,"82.4%","20.0%","100%",932,55,-10,0.8,"2.7%",216,"11.3%","11.4%",1.68,0.47
"LeBlanc","Top",4,"0.4%","48.3%","63.0%","25%","25%",19,14,12,2.2,"59.6%","20.9%","25%",786,506,23.5,8.6,"28.6%",817,"34.2%","27.4%",0.36,0.26
"Vayne","ADC",6,"0.6%","0.6%","1.2%","33%","100%",28,17,25,3.1,"73.6%","21.8%","17%",732,404,-3,9.9,"36.6%",465,"24.2%","28.1%",0.45,0.32
"Nidalee","Jungle",7,"0.7%","1.8%","2.5%","71%","71%",30,21,57,4.1,"71.3%","27.6%","14%",592,286,0,6.8,"19.8%",594,"23.2%","20.9%",0.71,0.56
"Irelia","Middle",1,"0.1%","0.4%","0.9%","0%","100%",7,6,6,2.2,"65.0%","28.6%","100%",568,148,16,8.8,"27.7%",549,"21.6%","25.3%",0.47,0.22
"Olaf","Top",6,"0.6%","0.4%","1.1%","83%","83%",20,10,31,5.1,"56.7%","18.9%","0%",471,238,8.8,8.6,"27.2%",524,"22.6%","22.5%",0.43,0.21
"Ryze","Middle",15,"1.5%","0.7%","2.4%","40%","73%",29,42,81,2.6,"70.1%","18.3%","7%",470,396,7,8.9,"25.9%",541,"27.4%","23.8%",0.4,0.21
"Zeri","Middle",1,"0.1%","23.3%","48.0%","0%","100%",2,0,2,4,"100.0%","0.0%","0%",438,199,11,11.7,"40.4%",796,"48.0%","31.4%",0.67,0.6
"Ziggs","Middle",6,"0.6%","4.8%","7.2%","83%","33%",26,7,46,10.3,"75.8%","11.3%","17%",431,279,1.8,8.4,"25.6%",930,"34.5%","27.1%",0.49,0.14
"Zac","Support",1,"0.1%","0.0%","0.2%","0%","100%",2,3,2,1.3,"44.4%","30.0%","0%",417,81,0,1.2,"2.3%",162,"8.7%","9.9%",1.44,0.33
"Neeko","Jungle",5,"0.5%","44.8%","60.3%","60%","40%",13,12,43,4.7,"73.7%","23.1%","20%",415,565,15.8,7,"16.5%",453,"19.0%","19.2%",0.95,0.53
"Kennen","Top",81,"8.1%","12.3%","20.3%","51%","49%",240,281,372,2.2,"55.7%","26.6%","6%",409,300,14.3,8.2,"24.4%",618,"29.1%","22.8%",0.36,0.18
"Twitch","ADC",2,"0.2%","0.2%","0.4%","50%","100%",11,5,10,4.2,"70.0%","25.0%","50%",386,288,5,10.2,"29.8%",810,"34.8%","28.2%",0.4,0.68
"Zac","Jungle",1,"0.1%","0.0%","0.2%","100%","100%",5,1,15,20,"80.0%","20.0%","100%",376,213,-8,5.2,"11.4%",473,"15.6%","18.8%",0.32,0.32
"Rumble","Top",64,"6.4%","16.9%","23.5%","52%","34%",214,190,397,3.2,"65.4%","21.7%","13%",329,250,10.3,7.7,"22.5%",714,"31.1%","21.4%",0.43,0.1
"Yone","Top",4,"0.4%","9.4%","15.3%","50%","100%",10,19,14,1.3,"39.3%","25.0%","25%",326,316,9.8,8.7,"26.8%",547,"24.2%","24.1%",0.41,0.19
"Ryze","Top",2,"0.2%","0.7%","2.4%","100%","100%",6,0,13,19,"65.5%","0.0%","0%",295,261,16.5,9.7,"29.5%",696,"33.2%","24.7%",0.6,0.2
"Graves","Middle",3,"0.3%","0.2%","1.2%","67%","100%",11,9,16,3,"56.3%","31.0%","67%",264,-19,-8.7,8.4,"24.1%",489,"22.3%","21.3%",0.46,0.2
"Singed","Support",1,"0.1%","0.0%","0.1%","0%","100%",0,3,1,0.3,"25.0%","23.1%","0%",261,-158,4,1.1,"2.0%",43,"3.0%","7.8%",2.19,0.29
"Kindred","Jungle",33,"3.3%","10.8%","14.0%","52%","67%",128,80,182,3.9,"72.8%","20.7%","15%",260,286,6.8,7,"22.6%",511,"22.6%","22.3%",0.39,0.55
"Lillia","Jungle",10,"1.0%","0.7%","1.7%","60%","80%",36,18,66,5.7,"76.7%","13.0%","20%",260,230,7.2,7,"20.4%",586,"23.6%","21.3%",0.31,0.35
"Ashe","Support",17,"1.7%","7.8%","15.3%","35%","47%",8,46,126,2.9,"77.0%","19.2%","24%",230,-65,-7.9,1,"4.2%",357,"17.3%","10.5%",2.39,0.6
"Caitlyn","ADC",11,"1.1%","7.2%","8.3%","55%","18%",34,15,51,5.7,"68.0%","12.1%","9%",229,165,8.3,9.7,"30.9%",535,"24.0%","27.0%",0.43,0.43
"Elise","Jungle",31,"3.1%","9.8%","12.8%","61%","52%",62,82,179,2.9,"69.5%","23.0%","32%",218,-67,-2.3,5.3,"16.4%",417,"19.5%","17.9%",0.74,0.5
"Jarvan IV","Jungle",8,"0.8%","0.8%","2.0%","50%","63%",20,28,79,3.5,"90.0%","25.7%","25%",218,92,2.4,4.9,"15.0%",333,"14.3%","17.4%",0.36,0.4
"Morgana","Support",2,"0.2%","0.0%","0.2%","0%","100%",0,4,4,1,"80.0%","13.8%","0%",217,-194,-10,0.4,"1.5%",176,"11.7%","8.2%",1.75,0.31
"Quinn","Top",8,"0.8%","0.6%","1.4%","75%","100%",35,19,43,4.1,"70.3%","18.6%","13%",217,-183,6.4,9.7,"28.9%",818,"34.9%","27.0%",0.43,0.18
"Graves","Jungle",7,"0.7%","0.2%","1.2%","29%","100%",28,21,30,2.8,"79.5%","18.6%","14%",213,225,2.5,7.1,"23.0%",412,"19.9%","24.4%",0.31,0.52
"Sona","Support",3,"0.3%","0.0%","0.3%","67%","100%",3,7,36,5.6,"86.7%","22.6%","0%",196,102,4,0.7,"2.1%",244,"11.0%","10.5%",1.67,0.5
"Zilean","Support",2,"0.2%","0.2%","0.7%","0%","100%",1,3,7,2.7,"100.0%","13.6%","50%",196,151,0,1.2,"2.0%",60,"4.6%","8.8%",1.96,0.53
"Camille","Top",10,"1.0%","1.0%","2.0%","50%","90%",38,27,46,3.1,"53.8%","21.3%","10%",194,20,6,7.7,"22.4%",458,"21.5%","23.6%",0.28,0.2
"Soraka","Support",7,"0.7%","0.1%","0.8%","71%","100%",2,13,87,6.8,"79.5%","20.6%","14%",189,8,-6.7,0.7,"2.1%",155,"5.9%","9.7%",1.54,0.4
"Renekton","Top",322,"32.1%","25.7%","57.9%","48%","25%",717,913,1349,2.3,"51.9%","22.3%","11%",180,90,5,8.6,"25.6%",459,"22.0%","22.5%",0.37,0.22
"Heimerdinger","Support",28,"2.8%","3.5%","6.3%","46%","43%",19,80,172,2.4,"62.2%","21.7%","7%",165,-28,-7.3,0.9,"4.0%",350,"15.6%","10.3%",1.56,0.52
"Lee Sin","Jungle",105,"10.5%","16.3%","26.8%","53%","60%",316,275,692,3.7,"74.8%","22.1%","21%",164,50,1.6,5.7,"16.1%",315,"14.7%","18.9%",0.61,0.33
"Taric","Support",3,"0.3%","0.1%","0.4%","100%","0%",2,2,23,12.5,"64.1%","14.3%","67%",160,90,0,1.6,"4.0%",98,"4.4%","10.3%",1.49,0.5
"Olaf","Jungle",1,"0.1%","0.4%","1.1%","0%","100%",4,4,2,1.5,"85.7%","28.6%","0%",155,408,6,6.3,"20.7%",527,"26.2%","23.7%",0.37,0.3
"Rumble","Jungle",2,"0.2%","16.9%","23.5%","50%","100%",4,3,5,3,"56.3%","15.8%","0%",155,342,12,7.7,"22.0%",378,"18.8%","20.8%",0.35,0.3
"Varus","ADC",131,"13.0%","18.1%","31.3%","50%","52%",545,332,681,3.7,"70.9%","19.1%","16%",153,109,4.8,9.2,"29.6%",632,"27.9%","25.8%",0.53,0.34
"Lux","Support",9,"0.9%","0.1%","1.0%","56%","33%",14,29,68,2.8,"75.9%","27.1%","22%",152,53,-9.3,0.8,"3.6%",367,"16.3%","10.7%",1.71,0.36
"Lucian","ADC",80,"8.0%","19.5%","27.7%","54%","53%",326,174,343,3.8,"69.0%","20.9%","10%",136,29,1.6,9.4,"31.0%",671,"29.8%","27.3%",0.47,0.38
"Lucian","Middle",2,"0.2%","19.5%","27.7%","50%","100%",11,7,15,3.7,"89.7%","28.0%","50%",133,59,-3.5,7.9,"26.1%",684,"28.8%","26.1%",0.51,0.35
"Ashe","ADC",59,"5.9%","7.8%","15.3%","36%","75%",192,168,357,3.3,"73.0%","19.3%","17%",130,38,1.2,9,"28.3%",555,"23.9%","24.8%",0.39,0.37
"Rek'Sai","Jungle",5,"0.5%","0.1%","0.6%","20%","80%",9,15,16,1.7,"59.5%","22.7%","40%",127,310,3.7,6.2,"16.6%",321,"16.4%","20.5%",0.37,0.45
"Yasuo","Middle",2,"0.2%","0.1%","0.3%","50%","100%",10,6,1,1.8,"64.7%","26.1%","0%",127,467,5,9.1,"25.4%",306,"20.1%","25.3%",0.42,0.14
"Akali","Top",4,"0.4%","5.0%","10.7%","25%","100%",11,16,16,1.7,"54.0%","18.2%","0%",108,300,-1.5,8,"26.7%",395,"19.8%","22.6%",0.31,0.28
"Yone","Middle",56,"5.6%","9.4%","15.3%","63%","75%",213,139,302,3.7,"66.5%","20.7%","13%",104,45,2.7,9.4,"28.9%",531,"23.5%","24.9%",0.38,0.23
"Fiora","Top",41,"4.1%","5.4%","9.5%","54%","83%",125,76,146,3.6,"48.0%","15.5%","12%",102,14,7.4,9.2,"27.8%",543,"24.5%","24.6%",0.39,0.2
"Nocturne","Jungle",68,"6.8%","10.2%","16.9%","46%","79%",179,191,467,3.4,"70.1%","20.2%","19%",93,112,4.5,6.1,"16.6%",323,"15.1%","19.3%",0.71,0.39
"Lissandra","Middle",34,"3.4%","4.5%","7.9%","44%","94%",83,103,250,3.2,"69.2%","22.8%","18%",90,-110,1.1,8.1,"24.5%",431,"22.1%","20.9%",0.33,0.26
"Kha'Zix","Jungle",79,"7.9%","3.9%","11.8%","53%","78%",280,182,345,3.4,"67.3%","18.8%","13%",89,63,1.5,6.9,"20.0%",410,"18.7%","22.2%",1.1,0.78
"LeBlanc","Middle",144,"14.3%","48.3%","63.0%","47%","35%",484,245,650,4.6,"62.3%","12.9%","12%",89,116,3,9.4,"29.0%",695,"31.2%","25.4%",0.36,0.34
"Tristana","Middle",170,"16.9%","30.6%","51.6%","59%","31%",700,388,770,3.8,"69.1%","18.9%","12%",89,13,1.9,9.6,"30.6%",607,"27.5%","26.6%",0.44,0.32
"Draven","ADC",50,"5.0%","9.1%","14.0%","50%","80%",196,103,208,3.9,"67.4%","16.8%","12%",88,49,3.7,9.3,"30.3%",534,"26.6%","28.7%",0.42,0.28
"Sylas","Middle",35,"3.5%","6.9%","10.9%","54%","71%",140,95,183,3.4,"60.9%","21.4%","14%",87,-43,-3,8.3,"25.3%",535,"24.1%","23.8%",0.31,0.23
"Annie","Support",17,"1.7%","32.1%","59.3%","53%","47%",16,46,144,3.5,"76.6%","25.0%","0%",81,-435,-15,0.6,"2.9%",208,"10.5%","9.9%",1.66,0.41
"Nami","Support",72,"7.2%","0.0%","7.2%","51%","43%",40,125,663,5.6,"81.9%","16.0%","14%",78,17,-4.5,0.5,"1.7%",173,"7.8%","9.3%",1.48,0.3
"Viego","Jungle",181,"18.0%","12.8%","30.9%","45%","65%",629,440,919,3.5,"72.0%","19.3%","22%",78,95,2.9,6,"16.8%",314,"15.3%","20.1%",0.36,0.45
"Sett","Support",6,"0.6%","0.1%","0.7%","17%","83%",7,21,27,1.6,"53.1%","23.6%","33%",72,35,-0.6,1.4,"3.4%",208,"8.4%","8.7%",1.66,0.57
"Jhin","ADC",4,"0.4%","0.1%","0.6%","0%","100%",4,7,11,2.1,"65.2%","12.3%","25%",70,119,-7.3,9.2,"29.8%",331,"17.6%","24.0%",0.38,0.21
"Ahri","Middle",266,"26.5%","15.7%","42.2%","51%","49%",810,494,1613,4.9,"71.3%","14.9%","8%",64,13,1.2,8.5,"25.1%",529,"25.7%","22.7%",0.5,0.31
"Aurelion Sol","Middle",13,"1.3%","1.4%","2.7%","46%","77%",71,22,60,6,"79.4%","12.0%","8%",57,60,-6,9.4,"28.7%",692,"33.2%","26.6%",0.42,0.23
"Pyke","Support",6,"0.6%","0.0%","0.6%","50%","100%",15,21,25,1.9,"47.6%","27.6%","0%",57,-373,0,1.7,"2.4%",182,"8.9%","10.8%",2.42,0.75
"Trundle","Top",1,"0.1%","0.4%","1.1%","0%","100%",1,7,1,0.3,"33.3%","25.9%","0%",52,-368,9,10.1,"34.0%",334,"19.3%","29.5%",0.5,0.18
"Karma","Support",11,"1.1%","1.5%","2.6%","9%","73%",7,37,53,1.6,"77.9%","23.7%","9%",51,-1,-7.5,0.7,"2.3%",249,"13.8%","9.8%",1.66,0.41
"K'Sante","Middle",30,"3.0%","25.7%","73.1%","50%","37%",66,65,125,2.9,"58.6%","17.3%","10%",49,56,1.3,7.7,"21.5%",279,"14.5%","20.4%",0.38,0.26
"Renata Glasc","Support",52,"5.2%","3.8%","9.0%","63%","88%",34,100,523,5.6,"77.3%","17.2%","13%",47,-56,-5.5,1,"2.6%",152,"6.9%","9.7%",1.87,0.39
"Trundle","Jungle",6,"0.6%","0.4%","1.1%","33%","83%",15,20,45,3,"67.4%","21.3%","33%",47,-104,-6.3,4.8,"14.7%",286,"12.5%","17.9%",0.36,0.45
"Urgot","Top",1,"0.1%","0.1%","0.2%","100%","100%",8,1,4,12,"80.0%","100.0%","0%",41,-1,2,9.8,"28.3%",565,"22.8%","25.6%",0.43,0.43
"Illaoi","Top",3,"0.3%","0.4%","0.7%","33%","100%",4,18,12,0.9,"55.2%","33.3%","0%",36,-308,2.7,7.2,"21.4%",561,"28.6%","20.3%",0.38,0.14
"Neeko","Middle",150,"14.9%","44.8%","60.3%","54%","24%",346,391,951,3.3,"64.1%","20.9%","6%",35,106,3.5,7.9,"21.4%",499,"24.2%","20.6%",0.33,0.21
"Nilah","ADC",7,"0.7%","1.9%","2.6%","57%","86%",47,22,49,4.4,"81.4%","19.8%","57%",34,801,0,8.9,"34.3%",549,"23.8%","28.4%",0.33,0.29
"Xin Zhao","Jungle",24,"2.4%","0.3%","2.7%","29%","88%",38,88,117,1.8,"62.2%","25.0%","21%",34,161,0.3,5.6,"15.0%",331,"17.1%","18.1%",0.33,0.39
"Samira","ADC",20,"2.0%","1.2%","3.2%","45%","100%",90,59,75,2.8,"66.0%","21.1%","15%",33,-167,-8.9,9,"28.1%",417,"21.3%","25.7%",0.59,0.39
"Zoe","Middle",2,"0.2%","0.1%","0.3%","0%","50%",3,4,5,2,"72.7%","12.9%","0%",33,22,2,7.9,"21.6%",583,"36.2%","22.5%",0.46,0.06
"Thresh","Support",63,"6.3%","5.6%","11.9%","40%","49%",45,201,551,3,"76.3%","22.4%","16%",29,92,2,1.1,"2.2%",137,"6.8%","9.2%",1.62,0.31
"Syndra","Middle",43,"4.3%","7.3%","11.6%","44%","79%",124,125,194,2.5,"66.4%","23.5%","7%",28,-43,2.1,8.3,"23.4%",575,"28.7%","22.3%",0.42,0.19
"Aphelios","ADC",470,"46.8%","13.6%","60.5%","48%","41%",1821,1146,1921,3.3,"66.9%","18.9%","8%",27,-28,1.5,9.8,"33.4%",611,"28.9%","27.8%",0.41,0.37
"Veigar","Middle",59,"5.9%","4.1%","10.3%","47%","63%",201,112,253,4.1,"69.4%","15.8%","12%",26,-43,0,8.6,"25.3%",520,"26.7%","23.7%",0.43,0.18
"Jarvan IV","Support",2,"0.2%","0.8%","2.0%","100%","100%",2,6,31,5.5,"68.8%","46.2%","50%",25,-37,-4,0.8,"2.9%",245,"8.6%","10.3%",1.49,0.62
"Kog'Maw","ADC",6,"0.6%","0.1%","0.7%","33%","83%",12,13,32,3.4,"69.8%","16.7%","0%",23,203,7.3,9.3,"28.2%",663,"29.4%","25.8%",0.43,0.45
"Galio","Support",4,"0.4%","1.4%","3.0%","50%","100%",1,14,39,2.9,"83.3%","24.6%","0%",22,150,2.5,1.2,"3.2%",218,"9.7%","8.6%",1.73,0.24
"Maokai","Support",17,"1.7%","24.6%","53.3%","53%","35%",20,51,126,2.9,"71.6%","24.4%","6%",20,11,0.2,1.4,"3.5%",242,"12.1%","9.7%",1.52,0.41
"Orianna","Middle",8,"0.8%","0.6%","1.4%","88%","75%",33,14,66,7.1,"75.0%","14.1%","13%",14,-38,1.3,8.8,"27.1%",730,"29.8%","24.1%",0.46,0.22
"Jinx","ADC",167,"16.6%","5.0%","21.6%","49%","77%",645,394,773,3.6,"72.6%","19.3%","7%",13,-66,-1.5,9.9,"34.7%",613,"29.7%","28.2%",0.41,0.36
"Corki","Middle",4,"0.4%","0.1%","0.5%","75%","100%",15,6,24,6.5,"68.4%","12.8%","0%",12,-111,2.8,9.3,"29.1%",780,"31.2%","26.6%",0.49,0.29
"Rell","Support",206,"20.5%","15.4%","40.6%","51%","25%",125,724,2028,3,"75.9%","26.1%","18%",12,-23,0.6,1.2,"2.3%",128,"5.9%","9.1%",1.71,0.38
"Twisted Fate","Middle",12,"1.2%","0.6%","1.8%","50%","83%",27,28,94,4.3,"75.2%","19.2%","25%",6,-410,-8.4,8,"22.1%",441,"21.5%","23.0%",0.41,0.18
"Leona","Support",89,"8.9%","1.7%","10.6%","54%","66%",58,318,748,2.5,"64.6%","27.0%","16%",5,-10,2.5,1.2,"2.8%",109,"5.1%","9.1%",1.74,0.47
"Volibear","Jungle",8,"0.8%","1.0%","1.9%","50%","88%",11,20,34,2.3,"76.3%","20.6%","50%",3,-49,1.2,5.4,"13.9%",229,"12.3%","17.3%",0.41,0.45
"Alistar","Support",137,"13.6%","11.0%","24.6%","50%","65%",79,446,1210,2.9,"71.4%","24.8%","19%",2,-31,0.1,1,"1.9%",130,"6.2%","8.8%",1.72,0.3
"Sejuani","Jungle",336,"33.5%","31.0%","64.8%","47%","36%",519,798,2694,4,"77.0%","18.7%","24%",-5,-12,0.5,5.3,"13.7%",286,"13.6%","16.8%",0.4,0.42
"Milio","Support",119,"11.9%","31.6%","43.4%","53%","19%",37,180,992,5.7,"81.0%","14.7%","11%",-8,-78,0.9,0.9,"1.8%",63,"3.2%","9.2%",1.55,0.31
"Zeri","ADC",247,"24.6%","23.3%","48.0%","48%","41%",1169,497,1048,4.5,"74.7%","17.0%","11%",-10,-21,-0.4,10.4,"35.4%",636,"30.6%","29.4%",0.48,0.56
"Nautilus","Support",321,"32.0%","18.7%","52.2%","48%","63%",222,1153,2564,2.4,"66.5%","26.0%","11%",-14,-13,1.1,1.2,"2.2%",141,"6.6%","8.9%",1.66,0.35
"Annie","Middle",256,"25.5%","32.1%","59.3%","50%","42%",604,644,1715,3.6,"71.0%","20.7%","5%",-15,-7,-0.2,7.6,"20.5%",537,"25.7%","21.1%",0.33,0.21
"Anivia","Middle",1,"0.1%","0.0%","0.1%","0%","100%",3,4,2,1.3,"62.5%","20.0%","100%",-24,284,15,8.3,"26.2%",524,"26.6%","24.0%",0.48,0.2
"Braum","Support",96,"9.6%","6.0%","15.5%","44%","77%",42,308,820,2.8,"77.0%","23.1%","13%",-31,27,1,1.1,"2.0%",156,"7.4%","8.8%",1.65,0.31
"Lulu","Support",155,"15.4%","11.8%","27.2%","46%","64%",69,311,1310,4.4,"80.8%","16.6%","9%",-31,-41,-4.9,0.6,"2.1%",119,"6.0%","9.2%",1.58,0.32
"Jax","Top",242,"24.1%","29.1%","53.4%","51%","40%",697,595,899,2.7,"50.4%","19.2%","14%",-32,-73,-1.9,8.4,"25.5%",477,"22.5%","23.1%",0.47,0.16
"Rakan","Support",386,"38.4%","29.4%","67.8%","54%","22%",256,969,3659,4,"77.9%","21.2%","14%",-32,25,3.8,1.3,"2.9%",137,"6.7%","9.5%",1.97,0.5
"Tristana","ADC",41,"4.1%","30.6%","51.6%","61%","61%",181,79,147,4.2,"66.5%","16.7%","10%",-33,-42,-3.7,10.1,"32.9%",591,"28.3%","27.7%",0.54,0.45
"Poppy","Top",56,"5.6%","25.7%","42.1%","57%","79%",86,87,319,4.7,"55.8%","13.5%","4%",-35,7,-2.8,7.7,"22.3%",526,"22.9%","20.1%",0.42,0.18
"Wukong","Jungle",309,"30.8%","17.3%","48.1%","48%","48%",916,829,1858,3.3,"69.6%","21.3%","11%",-39,-71,-3.2,5.5,"15.1%",313,"15.1%","18.8%",0.35,0.43
"Jayce","Middle",204,"20.3%","30.7%","53.7%","54%","43%",870,489,1049,3.9,"72.6%","19.3%","8%",-47,-69,-1.6,8.7,"25.8%",689,"29.2%","25.1%",0.44,0.3
"Vi","Jungle",251,"25.0%","54.3%","79.3%","52%","26%",616,763,1529,2.8,"68.2%","24.0%","11%",-47,-4,0.1,5.6,"15.8%",263,"12.7%","18.0%",0.38,0.4
"Rell","Jungle",47,"4.7%","15.4%","40.6%","57%","45%",49,129,475,4.1,"81.6%","23.1%","26%",-50,6,0,4.9,"12.3%",221,"9.8%","15.7%",0.38,0.33
"Sion","Jungle",6,"0.6%","8.1%","21.8%","50%","50%",5,13,37,3.2,"65.6%","21.7%","33%",-52,-98,-3.3,5.6,"14.8%",222,"9.9%","16.5%",0.34,0.36
"Gwen","Top",74,"7.4%","14.7%","22.1%","55%","82%",198,179,297,2.8,"53.8%","20.7%","3%",-53,-37,3.2,9,"27.3%",559,"26.8%","23.7%",0.37,0.22
"Azir","Middle",245,"24.4%","15.8%","40.2%","48%","50%",789,582,1248,3.5,"69.3%","19.1%","13%",-54,27,-0.6,9.1,"27.4%",631,"29.8%","24.5%",0.44,0.28
"Gragas","Middle",48,"4.8%","10.2%","28.9%","42%","67%",87,135,291,2.8,"64.5%","21.0%","13%",-54,84,-1.8,7.7,"22.9%",451,"22.4%","19.7%",0.35,0.22
"Xerath","Middle",9,"0.9%","0.4%","1.3%","22%","100%",27,22,33,2.7,"73.2%","22.0%","22%",-55,16,-3.2,8.5,"22.9%",733,"36.1%","22.8%",0.48,0.06
"K'Sante","Top",446,"44.4%","25.7%","73.1%","50%","40%",981,1010,2224,3.2,"56.7%","18.3%","7%",-56,-51,-2.6,7.9,"23.0%",405,"19.3%","21.0%",0.4,0.16
"Jayce","Top",27,"2.7%","30.7%","53.7%","41%","22%",61,89,125,2.1,"60.6%","23.0%","22%",-57,-180,2,8.6,"26.8%",618,"28.8%","24.1%",0.48,0.24
"Sivir","ADC",16,"1.6%","0.6%","2.2%","38%","94%",53,41,93,3.6,"69.2%","17.6%","6%",-57,-85,-0.9,9.9,"33.0%",659,"29.3%","26.0%",0.47,0.39
"Xayah","ADC",354,"35.3%","20.7%","56.0%","54%","56%",1434,783,1801,4.1,"69.6%","17.7%","11%",-65,-6,-1.8,10.1,"33.6%",592,"27.6%","27.1%",0.41,0.36
"Sylas","Top",5,"0.5%","6.9%","10.9%","80%","100%",21,16,38,3.7,"66.3%","32.0%","40%",-68,-57,-10,7.8,"26.5%",539,"24.3%","22.3%",0.39,0.17
"Yuumi","Support",68,"6.8%","13.0%","19.8%","47%","56%",29,89,534,6.3,"83.5%","12.6%","12%",-70,262,-6.1,0.2,"0.5%",256,"12.1%","8.7%",1.33,0.09
"Darius","Top",5,"0.5%","0.1%","0.6%","40%","100%",18,18,18,2,"67.9%","27.3%","0%",-79,286,-2,8.1,"26.3%",433,"23.2%","23.7%",0.31,0.18
"Tahm Kench","Support",20,"2.0%","1.8%","3.8%","35%","85%",10,55,121,2.4,"67.5%","20.5%","5%",-81,51,2.4,1.1,"1.8%",164,"8.4%","8.9%",1.65,0.28
"Sejuani","Top",3,"0.3%","31.0%","64.8%","33%","0%",3,12,6,0.8,"50.0%","29.3%","0%",-85,-40,0.5,7.6,"17.3%",416,"25.7%","20.1%",0.39,0.22
"Gnar","Top",117,"11.7%","11.2%","22.8%","53%","74%",237,324,488,2.2,"52.7%","21.6%","4%",-86,57,1.7,8.9,"25.4%",519,"25.1%","23.8%",0.41,0.19
"Pantheon","Support",1,"0.1%","0.0%","0.1%","0%","0%",0,6,5,0.8,"62.5%","28.6%","0%",-86,51,3,1.3,"3.1%",183,"12.6%","7.9%",1.81,0.34
"Skarner","Jungle",9,"0.9%","0.7%","1.6%","56%","100%",9,15,78,5.8,"79.1%","16.3%","11%",-86,64,3.1,5.1,"12.4%",161,"7.6%","16.1%",0.39,0.4
"Maokai","Jungle",269,"26.8%","24.6%","53.3%","57%","40%",446,709,2131,3.6,"75.1%","21.1%","16%",-87,-61,-1.2,5,"12.8%",410,"18.1%","16.7%",0.34,0.34
"Nautilus","Jungle",15,"1.5%","18.7%","52.2%","67%","53%",14,44,128,3.2,"67.0%","26.3%","40%",-93,-173,-7.8,4.7,"13.1%",220,"9.1%","15.0%",0.41,0.32
"Cassiopeia","Middle",17,"1.7%","2.9%","4.6%","35%","76%",33,45,67,2.2,"62.1%","21.2%","18%",-94,-172,-1.8,8.6,"23.9%",446,"22.5%","22.7%",0.54,0.19
"Kai'Sa","ADC",267,"26.6%","17.6%","45.2%","55%","18%",1447,549,1318,5,"73.1%","16.5%","15%",-94,-30,-2.1,10,"32.5%",691,"30.3%","27.8%",0.59,0.37
"Sion","Top",132,"13.1%","8.1%","21.8%","45%","42%",165,334,720,2.6,"57.0%","19.9%","7%",-108,-45,-4.7,7.3,"21.2%",435,"20.8%","19.2%",0.41,0.15
"Poppy","Jungle",109,"10.9%","25.7%","42.1%","49%","64%",190,279,774,3.5,"71.7%","20.5%","23%",-109,-153,-4.2,5,"13.2%",246,"11.5%","16.2%",0.4,0.41
"Gragas","Top",129,"12.8%","10.2%","28.9%","57%","56%",184,253,653,3.3,"52.0%","18.5%","5%",-110,30,-3.7,7.6,"22.2%",459,"22.3%","19.6%",0.38,0.16
"Ivern","Jungle",50,"5.0%","11.4%","16.3%","54%","62%",59,81,466,6.5,"81.0%","13.8%","18%",-113,41,-0.9,4.9,"12.3%",219,"9.9%","16.3%",0.37,0.37
"Miss Fortune","ADC",1,"0.1%","0.1%","0.2%","0%","100%",2,5,4,1.2,"42.9%","33.3%","0%",-113,341,8,9.6,"33.3%",565,"24.7%","25.4%",0.5,0.36
"Amumu","Jungle",2,"0.2%","0.1%","0.7%","100%","100%",5,6,15,3.3,"66.7%","33.3%","0%",-118,-112,2,5.5,"14.9%",255,"11.1%","17.7%",0.27,0.35
"Blitzcrank","Support",73,"7.3%","9.4%","16.6%","55%","93%",61,251,575,2.5,"60.0%","26.6%","10%",-119,-184,0,1.1,"2.0%",163,"7.6%","8.9%",1.74,0.32
"Taliyah","Middle",60,"6.0%","4.9%","10.9%","47%","65%",163,154,384,3.6,"68.3%","19.5%","13%",-119,-97,-4.4,8.7,"26.1%",583,"25.9%","22.8%",0.45,0.17
"Jhin","Support",1,"0.1%","0.1%","0.6%","0%","100%",1,1,0,1,"50.0%","9.1%","0%",-121,783,-2,1.1,"5.5%",243,"16.7%","11.1%",2.62,0.69
"Akali","Middle",53,"5.3%","5.0%","10.7%","32%","79%",180,149,173,2.4,"62.7%","20.9%","2%",-124,93,-0.3,8.2,"25.2%",441,"23.4%","23.1%",0.3,0.19
"Irelia","Top",4,"0.4%","0.4%","0.9%","0%","100%",10,14,2,0.9,"54.5%","20.9%","0%",-151,178,-4,8.5,"28.4%",317,"23.0%","27.7%",0.4,0.1
"Aatrox","Top",39,"3.9%","2.5%","6.4%","38%","54%",102,122,142,2,"60.5%","22.8%","3%",-153,5,-4.3,8.3,"25.0%",510,"25.1%","22.4%",0.4,0.19
"Gangplank","Top",13,"1.3%","0.6%","1.9%","69%","85%",42,39,79,3.1,"64.7%","26.4%","23%",-153,-93,-8.5,8.2,"26.8%",720,"30.4%","26.0%",0.39,0.1
"Ezreal","ADC",42,"4.2%","1.8%","6.1%","40%","81%",142,89,196,3.8,"70.1%","15.5%","10%",-154,-53,-2.1,9.5,"30.4%",684,"30.0%","25.9%",0.42,0.3
"Ezreal","Middle",1,"0.1%","1.8%","6.1%","0%","100%",0,2,2,1,"50.0%","11.1%","0%",-159,-367,-8,9.9,"31.9%",646,"28.4%","24.6%",0.55,0.19
"Ziggs","ADC",18,"1.8%","4.8%","7.2%","56%","83%",54,40,84,3.5,"65.4%","16.4%","11%",-161,141,3.8,9.2,"28.5%",770,"36.5%","25.0%",0.42,0.23
"Amumu","Support",4,"0.4%","0.1%","0.7%","50%","100%",2,14,25,1.9,"69.2%","31.8%","0%",-164,-111,-0.8,1.1,"2.7%",127,"6.2%","7.9%",1.76,0.36
"Vex","Middle",5,"0.5%","0.1%","0.6%","80%","100%",19,13,37,4.3,"68.3%","23.6%","0%",-191,-251,-9,7.7,"18.9%",566,"25.0%","21.1%",0.59,0.2
"Kalista","ADC",7,"0.7%","0.7%","1.5%","29%","57%",25,19,25,2.6,"60.2%","18.3%","14%",-195,74,1.7,9.1,"31.1%",371,"19.3%","26.9%",0.45,0.42
"Volibear","Top",1,"0.1%","1.0%","1.9%","0%","100%",0,3,2,0.7,"50.0%","27.3%","0%",-197,-259,-2,9,"27.2%",726,"49.5%","22.5%",0.32,0.25
"Malphite","Top",61,"6.1%","6.8%","12.8%","38%","87%",80,156,317,2.5,"58.7%","18.2%","5%",-207,-130,-9.1,7.7,"22.9%",419,"22.0%","20.3%",0.41,0.19
"Seraphine","Middle",1,"0.1%","0.2%","0.4%","100%","100%",3,1,6,9,"69.2%","11.1%","0%",-231,-142,-3,8,"20.3%",686,"27.8%","22.2%",0.54,0.21
"Gragas","Jungle",10,"1.0%","10.2%","28.9%","0%","70%",14,45,48,1.4,"56.9%","22.0%","0%",-238,-4,1.4,5.6,"17.3%",387,"16.6%","16.9%",0.46,0.29
"Gragas","Support",1,"0.1%","10.2%","28.9%","100%","100%",1,2,8,4.5,"52.9%","18.2%","0%",-248,-3,-1,1.2,"2.3%",248,"9.5%","9.6%",1.83,0.35
"Diana","Jungle",3,"0.3%","0.1%","0.4%","0%","100%",7,11,9,1.5,"76.2%","22.0%","0%",-249,-183,-11,6.6,"18.8%",389,"23.4%","20.5%",0.3,0.29
"Cho'Gath","Top",8,"0.8%","0.6%","1.4%","25%","88%",9,25,22,1.2,"52.5%","19.1%","13%",-251,-227,-5.2,7.5,"20.9%",386,"19.7%","21.3%",0.49,0.15
"Kayle","Top",2,"0.2%","0.0%","0.2%","0%","100%",4,8,5,1.1,"56.3%","21.1%","50%",-286,-173,-16,9.5,"33.9%",471,"29.4%","28.7%",0.44,0.18
"Jax","Jungle",2,"0.2%","29.1%","53.4%","0%","50%",3,7,5,1.1,"53.3%","28.0%","50%",-333,-486,-13,5.4,"19.1%",260,"14.4%","17.5%",0.49,0.21
"Jarvan IV","Top",2,"0.2%","0.8%","2.0%","0%","100%",2,11,5,0.6,"41.2%","25.6%","0%",-335,-60,-10,7.2,"16.8%",374,"21.6%","18.4%",0.33,0.24
"Zilean","Middle",3,"0.3%","0.2%","0.7%","33%","67%",3,4,18,5.3,"80.8%","11.8%","0%",-369,-82,-6.7,7.8,"22.6%",378,"20.7%","19.5%",0.33,0.09
"Kassadin","Middle",6,"0.6%","0.0%","0.6%","33%","100%",10,10,23,3.3,"54.1%","11.0%","17%",-383,-85,-4.3,8.9,"28.3%",514,"25.3%","23.1%",0.4,0.25
"Sejuani","Middle",1,"0.1%","31.0%","64.8%","0%","100%",0,4,2,0.5,"100.0%","20.0%","0%",-383,-542,-3,7.5,"21.6%",322,"22.9%","23.5%",0.33,0.17
"Viktor","Middle",10,"1.0%","0.1%","1.2%","30%","80%",23,26,43,2.5,"76.7%","17.6%","0%",-392,-106,-8.8,8.2,"27.2%",681,"31.8%","23.1%",0.46,0.19
"Vel'Koz","Middle",2,"0.2%","0.3%","0.5%","0%","50%",4,6,4,1.3,"80.0%","19.4%","0%",-424,-276,-5,8.2,"26.3%",550,"30.0%","26.9%",0.46,0.01
"Ornn","Top",85,"8.5%","2.4%","10.9%","55%","87%",123,187,556,3.6,"61.2%","18.6%","6%",-436,-202,-9.9,7.2,"20.8%",438,"19.8%","18.7%",0.42,0.15
"Galio","Middle",12,"1.2%","1.4%","3.0%","50%","75%",23,35,77,2.9,"64.5%","21.3%","8%",-473,17,0.8,7.7,"24.1%",365,"18.0%","20.2%",0.29,0.2
"Maokai","Top",2,"0.2%","24.6%","53.3%","50%","50%",1,6,16,2.8,"65.4%","25.0%","50%",-497,-479,-25,7.1,"21.5%",410,"19.4%","19.2%",0.4,0.04
"Kai'Sa","Middle",10,"1.0%","17.6%","45.2%","30%","80%",50,32,26,2.4,"73.1%","19.8%","0%",-555,-410,-7.3,9.1,"29.8%",816,"36.6%","27.2%",0.47,0.22
"Janna","Support",5,"0.5%","0.4%","0.9%","40%","80%",2,9,27,3.2,"72.5%","16.4%","0%",-713,-499,11,0.8,"7.7%",120,"5.9%","9.2%",2.24,0.44
"Bel'Veth","Jungle",2,"0.2%","0.1%","0.3%","100%","50%",11,3,11,7.3,"75.9%","21.4%","-","-","-","-",8.1,"-",479,"21.5%","25.7%",0.24,0.37
"Garen","-",0,"0%","0.1%","0.1%","-","-","-","-","-","-","-","-","-","-","-","-","-","-","-","-","-","-","-"
"Mordekaiser","Top",2,"0.2%","0.1%","0.3%","50%","100%",4,5,5,1.8,"42.9%","20.8%","-","-","-","-",7.5,"-",475,"29.2%","20.7%",0.37,0.03
"Qiyana","Middle",6,"0.6%","0.1%","0.7%","67%","100%",24,12,30,4.5,"58.1%","16.0%","-","-","-","-",7.5,"-",450,"18.2%","23.4%",0.43,0.21
"Renekton","Middle",1,"0.1%","25.7%","57.9%","0%","0%",0,4,1,0.3,"20.0%","22.2%","-","-","-","-",7.7,"-",245,"15.7%","20.4%",0.3,0.17
"Rengar","Jungle",7,"0.7%","1.8%","2.5%","57%","43%",18,18,58,4.2,"64.4%","20.7%","-","-","-","-",6.3,"-",320,"14.4%","18.4%",0.35,0.51
"Talon","-",0,"0%","0.2%","0.2%","-","-","-","-","-","-","-","-","-","-","-","-","-","-","-","-","-","-","-"
"Varus","Middle",1,"0.1%","18.1%","31.3%","0%","100%",0,3,4,1.3,"80.0%","13.0%","-","-","-","-",8.5,"-",658,"26.4%","22.5%",0.55,0.2
"Veigar","ADC",2,"0.2%","4.1%","10.3%","50%","100%",10,3,10,6.7,"66.7%","11.5%","-","-","-","-",9.7,"-",625,"30.3%","26.4%",0.38,0.27
"Veigar","Support",1,"0.1%","4.1%","10.3%","0%","0%",1,7,11,1.7,"41.4%","21.2%","-","-","-","-",0.8,"-",207,"8.5%","8.1%",1.62,0.46
"Viktor","Top",1,"0.1%","0.1%","1.2%","100%","100%",3,2,8,5.5,"57.9%","14.3%","-","-","-","-",8.2,"-",579,"24.2%","19.9%",0.53,0.11
"Vladimir","Top",1,"0.1%","0.1%","0.2%","0%","100%",2,5,2,0.8,"80.0%","21.7%","-","-","-","-",8.2,"-",426,"22.5%","23.6%",0.31,0.04